model,category,image,cer,wer,accuracy,time_sec,prediction,ground_truth
Tesseract,printed,printed_000.png,0.1386,0.2574,86.14,1.166,"R&D QUALITY IMPROVEMENT
SUGGESTION/SOLUTION FORM

Nane/Phone Ext.: M. Hamann, P, Harper, P, Martinez Date: __9/3/92

Supervisor/Manager: J. S. Wigand RED Group: _Licensee

Suggestion:

Discontinue coa","R&D : Suggestion: Date: Licensee Yes No 597005708 R&D QUALITY IMPROVEMENT SUGGESTION/ SOLUTION FORM Name / Phone Ext. : M. Hamann P. Harper, P. Martinez 9/ 3/ 92 R&D Group: J. S. Wigand Supervisor / M"
Tesseract,printed,printed_001.png,0.5517,0.7445,44.83,0.785,"Page 1 of 10

RESTRICTED

BROWY 6 WILLIAMSON INTERNATIONAL TOBACCO

PRODUCT SPECIFICATION

Brand: __puoENrx Conpany: _B.A.T. CYPRUS
style: Hus - KE Country: “cyPRUS
Licensee Rel, Now: Markel

Place of",Brand: Style: PHOENIX Company: Country: Macket: CYPRUS NICOSIA Weights Adhesive: Supplier(s) Color Porosity substance Ecusta E.30639 None (coresta) Type Overall skip Dimension Positioning Swift Other 
Tesseract,printed,printed_002.png,0.3209,0.4921,67.91,0.513,"- put

re
SERVICE REQUEST FROM neD BY
RECEIVEn
aeguest wou: _a5-04 i
R 2K
DATE: March 27, 1984 964
murtareo er: _p. n. warner fd PH,

COMPLETION

TARGET DATE: _April 13, 1984

counrny: BELGIUM
PROUCT:","DATE: INITIATED BY: COMPLETION COUNTRY: PRODUCT: BELGIUM BY: DATE: NOTES: 620429480 RECEIVED SERVICE REQUEST FROM R & D BY INTERNATIONAL LICENSEE OPERATIONS REQUEST NO.: 25- 84 March 27, 1984 P. H. HA"
Tesseract,printed,printed_003.png,0.7537,0.9645,24.63,1.011,"Poe H G273-62.7.
TOPCLINES progect # 1982-1020,
HOL PRODUCT TEST PAGE # Los 4 -

KOOL Lights KS vs, Bright KS Product Monitor

SUBJECT:
SAMPLE: 408 (200 Menthol Lights/105 Menthol ultra,
Lights/92. No",SUBJECT: SAMPLE: CIGARETTES: TAR 9.1 NIC .88 MOIST 14.0 MENT .841 PREFERENCE: Bright 39 34 43 35 42 8 9 11 6 8 200 100 100 100 100 ATTRIBUTES: 53+++ 60+++ 46 56+++ 50 (n=) Total Male Female 35+ KL Bri
Tesseract,printed,printed_004.png,0.4791,0.7556,52.09,0.432,"Reconstituted Tobacco Leaf Substitutions
Export Formulas
Revision Date: 05/11/95

Allowable Grade Substitutions
for Export CPCL

Allowable Substitutions
RPCFS or RPCFS-O

eer

EoeSes eae

ee RPCBS or ",B&W WCC 621800455 Reconstituted Tobacco Leaf Substitutions Export Formulas Revision Date: Allowable Grade Substitutions for Export CPCL Standard Grade Mark Allowable Substitutions PCFS Flue cured fine
Tesseract,printed,printed_005.png,0.4098,0.5598,59.02,0.618,"m°

> QUALITY IMPROVEMENT SUGGESTION
OUR MISSION IS SUPERIOR CONSUMER SATISFACTION
Highest Quality, Teamwork, Do Right Things Right The First Time
RESEARCH & DEVELOPMENT
parEr_June 21, 1993EPARTMENT: ","DATE: DEPARTMENT: Type EQPR B&W QUALITY Implement: Date 632120763 QUALITY IMPROVEMENT SUGGESTION OUR MISSION IS SUPERIOR CONSUMER SATISFACTION Highest Quality. Teamwork, Do Right Things Right The Firs"
Tesseract,handwritten,handwritten_000.png,0.5833,1.0,41.67,0.268,prle Aowu a vesolkrtiorn cou bbhe_ HQDji2 Ve,put down a resolution on the subject
Tesseract,handwritten,handwritten_001.png,0.5455,0.8889,45.45,0.333,"out “WR we te VQ bHAchear by hur, Win",and he is to be backed by Mr. Will
Tesseract,handwritten,handwritten_002.png,0.7027,1.0,29.73,0.243,OWL UO wag OmA UOUR Lohower Ute. § Fooro,nominating any more Labour life Peers
Tesseract,handwritten,handwritten_003.png,0.9091,1.0,9.09,0.21,MPs,M Ps tomorrow. Mr. Michael Foot has
Tesseract,handwritten,handwritten_004.png,0.5676,1.0,43.24,0.272,"Gules, WP Rawr Mancradey Crotange |","Griffiths, M P for Manchester Exchange ."
Tesseract,handwritten,handwritten_005.png,0.7222,1.0,27.78,0.25,"LO

Lo

La oir
Ok ~ wren ua of
2 wanda,",is to be made at a meeting of Labour
Tesseract,receipts,receipt_000.png,0.6944,0.8214,30.56,1.052,"Invoice no: 79587541

Date of issue:

Seller:

Baker-Wagner

909 Duarte Drive Apt. 874
Joelfort, NH 24372

Tax Id: 971-99-0928
IBAN: GB24KU0P15238222815223

ITEMS
No. Description Qty
1. Bottle tops li","Invoice no: 79587541 Date of issue: 08/02/2014 Seller: Client: Baker-Wagner Horton, Gillespie and Moore. 909 Duarte Drive Apt. 874 711 Richard Cove Suite 885. Joelfort, NH 24372 East Mindy, WY 58533 T"
Tesseract,receipts,receipt_001.png,0.6518,0.7895,34.82,1.185,"Invoice no: 27216737

Date of issue:

Seller:

Nicholson, Hamilton and Holder
425 Alyssa Mills Suite 578
Tracyshire, WI 66027

Tax Id: 973-80-8757
IBAN: GB58DFZZ87387694076811

ITEMS

No. Description
","Invoice no: 27216737 Date of issue: 05/23/2018 Client: Seller: Nicholson, Hamilton and Holder Campbell and Sons 425 Alyssa Mills Suite 578 853 Kristen Light Suite 482 Tracyshire, WI 66027 Port Samanth"
Tesseract,receipts,receipt_002.png,0.5837,0.7136,41.63,1.852,"Invoice no: 58097062

Date of issue:

Seller:

Wright-Alvarez
8309 Bernard Village Apt. 284
Robinsonshire, VT 35375

Tax Id: 922-84-4511
IBAN: GB79CMCC33561352409593

ITEMS
No. Description Qty
1. YILO","Invoice no: 58097062 Date of issue: 04/05/2013 Seller: Client: Wright-Alvarez Harper-Flynn 8309 Bernard Village Apt. 284 753 Acevedo Crossroad Suite 727 Robinsonshire, VT 35375 West Marcus, NY 87119 T"
Tesseract,receipts,receipt_003.png,0.5727,0.7171,42.73,1.797,"Invoice no: 28590433

Date of issue:

Seller:

White Group
14292 Leslie Ford
Evansview, OK 43757

Tax Id: 903-72-1646
IBAN: GB53YNMK12475568368604

ITEMS
No. Description Qty
1. 3D Bottomless Hole Opti","Invoice no: 28590433 Date of issue: 09/27/2016 Client: Seller: White Group Hoffman Inc 14292 Leslie Ford 1478 Carr Lane Evansview, OK 43757 Port George, ND 31020 Tax Id: 903-72-1646 Tax Id: 946-97-036"
Tesseract,receipts,receipt_004.png,0.63,0.7735,37.0,1.752,"Invoice no: 45802970

Date of issue:

Seller:

Walter-Robbins
454 Ward Heights
Port Joshuafort, OK 49084

Tax Id: 991-91-1867
IBAN: GB94QNPA65418582220361

ITEMS
No. Description Qty
1. Nintendo Wii Co","Invoice no: 45802970 Date of issue:. 03/30/2021 Seller: Client: Walter-Robbins Lopez, Pearson and Garcia 454 Ward Heights 4300 Vincent Fort Apt. 067 Port Joshuafort, OK 49084 Silvaland, MN 16233 Tax I"
Tesseract,receipts,receipt_005.png,0.6731,0.8269,32.69,1.113,"Invoice no: 54533510

Date of issue:

Seller:

Tucker Inc
160 Kaitlin Flat
Griffithhaven, DC 90675

Tax Id: 925-76-7636
IBAN: GB15JPFA79210576920492

ITEMS

No. Description

1. The Key to Rebecca by K","Invoice no: 54533510. Date of issue: 02/10/2021 Client: Seller: Tucker Inc Skinner Group 160 Kaitlin Flat 281 Cameron Alley Griffithhaven, DC 90675 East Marktown, CT 76958 Tax Id: 925-76-7636 Tax Id: "
Tesseract,scene_text,scene_000.png,1.0,1.0,0.0,0.142,,LAKES
Tesseract,scene_text,scene_001.png,1.0,1.0,0.0,0.121,,SUNIL
Tesseract,scene_text,scene_002.png,1.0,1.0,0.0,0.125,,200
Tesseract,scene_text,scene_003.png,0.4,1.0,60.0,0.163,CUjoy,ENJOY
Tesseract,scene_text,scene_004.png,1.0,1.0,0.0,0.169,,HOUSE
Tesseract,scene_text,scene_005.png,0.0,0.0,100.0,0.123,Now,NOW
Tesseract,dense_text,dense_000.png,0.2432,0.4234,75.68,0.649,"AIT. GEN, ADMIN, OFFICE Fax:614-~466-S087 Dec 10 '98 17:06 P.Ot

CONFIDENTIAL FACSIMILE
TRANSMISSION COVER SHEET

FAX NO, (614) 466-5087

FAX NUMBER: (336) 335-7392. PHONE NUMBER: (336) 335-7363
DATE:",TO: DATE: 3 Fax: NOTE: 82092117 614 -466 -5087 Dec 10 '98 17 :46 P. 01 ATT. GEN. ADMIN. OFFICE Attorney General Betty D. Montgomery CONFIDENTIAL FACSIMILE TRANSMISSION COVER SHEET (614) 466- 5087 FAX 
Tesseract,dense_text,dense_001.png,0.6532,0.7748,34.68,0.425,"09/17/97 10:88 *PBOS 641 1898 LORTLLARD PTLD Boor

To: A. Sparraw

FROM: 7.0, etacnty

(ONLY IF PARTIAL REGION CONTINUE WITH DIVISIONIS! SCOPE)

DMvision:
DIVISION: Portland —-# REPS: 6 DIVISION: Seat",TO: FROM: x SUBJECT: DIVISION: DIVISION: DIVISION: DIVISION: REGION: DIVISION: DIVISION: DIVISION: 225 27 15 31 18 19 20 82200067 09/ 17/ 97 10: 55 603 841 1898 LORILLARD PTLD ☑ 001 K. A. Sparrow T. D
Tesseract,dense_text,dense_002.png,0.161,0.3632,83.9,0.656,"COMPETITIVE PRODUCT INTRODUCTION

PROGRESS REPORT
To: SamZolot MANUFACTURER: __BaW
FROM: D.J. Lando BRAND: Kool Waterfall
DATE: “2.08e97 TYPE OF PACKINGS: Al Packing
REPORTING PERIODS: oot Now X ee. J",TO: FROM: DATE: MANUFACTURER: BRAND: Oct. Dec. Jan. Nov. X B&W 82250337 COMPETITIVE PRODUCT INTRODUCTION PROGRESS REPORT Sam Zolot Kool Waterfall All Packings TYPE OF PACKINGS: D. J. Landro 2- Dec- 97
Tesseract,dense_text,dense_003.png,0.7129,0.85,28.71,0.416,"“11/08/07 11:03 tpe1a 884 oses LORILLARD TAMPA. +++ GREENSBOR @o02/003

Retail Excel Progress Report

Submission for: Distribution by/to:
sly 37 ) OM to RSM 1st of Month
August29() To: B.W.Caldarella ",17 cc: : From: Area: Region: 5 X Chains: Independents: 82251504 11/05/97 11: 03 813 384 0683 LORILLARD TAMPA GREENSBOR 0002/ 003 Retail Excel Progress Report Submission for: Distribution by/ to: DM to
Tesseract,dense_text,dense_004.png,0.4153,0.5741,58.47,0.433,"KA, Sparrow

FROM: D. J. Landro May 42] aus 4
un 23[X SEP 45|
SUBJECT: OLD GOLD MENTHOL LIGHTS & ULTRA LIGHTS 100'S - PROGRESS REPORT
Ea

REGION:

(ONLY IF PARTIAL REGION CONTINUE WITH DIVISION(S) SCO",AUG 4 SEP 15 JUN 23 MAY 12 REGION: DIVISION: 7 7 TO: FROM: SUBJECT: OLOGOLD.XLS 82252956 GEOGRAPHY DISTRIBUTION 144/14 93 K. A. Sparrow SUBMISSION DATE D. J. Landro OLD GOLD MENTHOL LIGHTS & ULTRA LIG
Tesseract,dense_text,dense_005.png,0.2968,0.5,70.32,0.642,"Az/t0/26 09:81 @a17 s4s0971 LORILLARD

COMPETITIVE PRODUCT INTRODUCTION
PROGRESS REPORT

TO: MRS. K. A, SPARROW MANUFACTURER: R, J. Reynolds .
FROM: RG. Ryan BRAND: Camel Menthol __
DATE: ¥2H0/96 ‘TYP",82253058 LORILLARD TO: FROM: DATE: AUG SEPT OCT NOV MANUFACTURER BRAND: X 12/ 10/ 36 09: 51 317 8450977 001/ 002 COMPETITIVE PRODUCT INTRODUCTION PROGRESS REPORT MRS. K. A. SPARROW R. J. Reynolds Came
Tesseract,degraded,degraded_000.png,0.1507,0.3235,84.93,0.737,"RED QUALITY THPROVEMENT
SUGGESTION/SOLUTION FORM

Nane/Phone Ext.: M. Hamant per, rtinez ‘Date: _9/3/92
Superyisor/Manager: J, S. Migand RSD Group: _Licensee

Suggestion: Discontinve coal retention an","R&D : Suggestion: Date: Licensee Yes No 597005708 R&D QUALITY IMPROVEMENT SUGGESTION/ SOLUTION FORM Name / Phone Ext. : M. Hamann P. Harper, P. Martinez 9/ 3/ 92 R&D Group: J. S. Wigand Supervisor / M"
Tesseract,degraded,degraded_001.png,0.9949,1.0,0.51,0.276,"re

agit",Brand: Style: PHOENIX Company: Country: Macket: CYPRUS NICOSIA Weights Adhesive: Supplier(s) Color Porosity substance Ecusta E.30639 None (coresta) Type Overall skip Dimension Positioning Swift Other 
Tesseract,degraded,degraded_002.png,0.3178,0.5,68.22,0.477,". putt

ve
SENVICE REQUEST FnOW np BY
EC
peguest NO.: _25~04 RECEIVEN
APR 2
DATE: March 27, 1984 oe
winrar or: _p. ns uanoen_ fE PHM,

COMPLETION

TARGET DATE: _April 13, 1984 _

counrry: BELGIUM
PROO","DATE: INITIATED BY: COMPLETION COUNTRY: PRODUCT: BELGIUM BY: DATE: NOTES: 620429480 RECEIVED SERVICE REQUEST FROM R & D BY INTERNATIONAL LICENSEE OPERATIONS REQUEST NO.: 25- 84 March 27, 1984 P. H. HA"
Tesseract,degraded,degraded_003.png,0.7952,0.9823,20.48,0.872,"“peau.
FMERTHCL ‘spbiu

firth KS aus lice? yaos ?oppe ya gS 1 ays :
neiked/@ airenin froportion: Gf the wehthol Zeeule AB Bes
aE 08) BD i ie tm ete ene Gee

woig Sptal: tesehst Sikes: +s Z aes
al. Mal",SUBJECT: SAMPLE: CIGARETTES: TAR 9.1 NIC .88 MOIST 14.0 MENT .841 PREFERENCE: Bright 39 34 43 35 42 8 9 11 6 8 200 100 100 100 100 ATTRIBUTES: 53+++ 60+++ 46 56+++ 50 (n=) Total Male Female 35+ KL Bri
Tesseract,degraded,degraded_004.png,0.6593,0.8778,34.07,0.324,"we Reconsutnted Tobacco Leaf Subs culans
‘Bxport Formulas
BAW Rovtston Bate: 05/11/95

Allowable Grade Substitutions
for Export CPCL

Allowable Substitutions

RPCFS or RPCFS-0

RPCBS of RPCBS-O

wec

",B&W WCC 621800455 Reconstituted Tobacco Leaf Substitutions Export Formulas Revision Date: Allowable Grade Substitutions for Export CPCL Standard Grade Mark Allowable Substitutions PCFS Flue cured fine
Tesseract,degraded,degraded_005.png,0.9948,0.9946,0.52,0.339,—_ i 2 Oo =,"DATE: DEPARTMENT: Type EQPR B&W QUALITY Implement: Date 632120763 QUALITY IMPROVEMENT SUGGESTION OUR MISSION IS SUPERIOR CONSUMER SATISFACTION Highest Quality. Teamwork, Do Right Things Right The Firs"
PaddleOCR,printed,printed_000.png,0.1331,0.2574,86.69,3.312,"R&D QUALITY IMPROVEMENT
SUGGESTION/SOLUTION FORM
Name/Phone Ext.:M.Hamann.P.Harper.P.Martinez
Date:
9/3/92
Supervisor/Manager: L.S.Wigand
R&D Croup_Licensee
Suggestion:
Discontinue coal retention anal","R&D : Suggestion: Date: Licensee Yes No 597005708 R&D QUALITY IMPROVEMENT SUGGESTION/ SOLUTION FORM Name / Phone Ext. : M. Hamann P. Harper, P. Martinez 9/ 3/ 92 R&D Group: J. S. Wigand Supervisor / M"
PaddleOCR,printed,printed_001.png,0.606,0.793,39.4,3.681,"Page l of 10
RESTRICTED
BROWN & WILLIAMSON INTERNATIONAL TOBACCO
PRODUCT SPECIPICATION
Brand:
PHOENIX
Company_B.A.T.CYPRUS
Style:
HLB-KS
Country:
Licensee Ref. No.
CYPRUS
Market:
Place of Manufacture:",Brand: Style: PHOENIX Company: Country: Macket: CYPRUS NICOSIA Weights Adhesive: Supplier(s) Color Porosity substance Ecusta E.30639 None (coresta) Type Overall skip Dimension Positioning Swift Other 
PaddleOCR,printed,printed_002.png,0.3225,0.4524,67.75,1.928,"SERVICE REQUEST FROM R&D BY
INTERNATIONAL LICENSEE OPERATIONS
RECEIVEn
REOUEST NO.:
25-84
APR 21984
DATE:
March 271984
INITIATED BY:
P.H.H.
P.E.HARPER
COMPLETION
TARGET DATE:
Apri113,1984
COUNTRY:
BEL","DATE: INITIATED BY: COMPLETION COUNTRY: PRODUCT: BELGIUM BY: DATE: NOTES: 620429480 RECEIVED SERVICE REQUEST FROM R & D BY INTERNATIONAL LICENSEE OPERATIONS REQUEST NO.: 25- 84 March 27, 1984 P. H. HA"
PaddleOCR,printed,printed_003.png,0.7495,0.9574,25.05,4.678,"PDC
C273-82-7
TOP-LINES
PROJECT#1982102KL
MENTHOL PRODUCT TEST
PAGE#L4
SUBJECT:
KOOL Lights KS vs.Bright KS Product Monitor
SAMPLE:
408 100 Menthol Lights/105 Mentho1 Ultra,111 Non-Menthol
Lights/92 N",SUBJECT: SAMPLE: CIGARETTES: TAR 9.1 NIC .88 MOIST 14.0 MENT .841 PREFERENCE: Bright 39 34 43 35 42 8 9 11 6 8 200 100 100 100 100 ATTRIBUTES: 53+++ 60+++ 46 56+++ 50 (n=) Total Male Female 35+ KL Bri
PaddleOCR,printed,printed_004.png,0.4374,0.7,56.26,1.702,"Reconstituted Tobacco Leaf Substitutions
B&W
Export Formulas
Revision Date: 05/11/95
Allowable Grade Substitutions
for Export CPCL
Standard Grade Mark
Allowable Substitutions
PCFS
Flue cured fines
RPC",B&W WCC 621800455 Reconstituted Tobacco Leaf Substitutions Export Formulas Revision Date: Allowable Grade Substitutions for Export CPCL Standard Grade Mark Allowable Substitutions PCFS Flue cured fine
PaddleOCR,printed,printed_005.png,0.3011,0.4511,69.89,2.962,"QUALITY IMPROVEMENT SUGGESTION
B&W
OUR MISSION IS SUPERIOR CONSUMER SATISFACTION
Highest Quality.Teamwork, Do Right Things Right The First Time
RESEARCH &DEVELOPMENT
Quality Coord Only
DATE_JUne 21199","DATE: DEPARTMENT: Type EQPR B&W QUALITY Implement: Date 632120763 QUALITY IMPROVEMENT SUGGESTION OUR MISSION IS SUPERIOR CONSUMER SATISFACTION Highest Quality. Teamwork, Do Right Things Right The Firs"
PaddleOCR,handwritten,handwritten_000.png,0.75,1.0,25.0,1.04,dowy aJeoolhom,put down a resolution on the subject
PaddleOCR,handwritten,handwritten_001.png,0.6061,0.7778,39.39,0.917,"Wiu
to
bached
by",and he is to be backed by Mr. Will
PaddleOCR,handwritten,handwritten_002.png,0.8378,1.0,16.22,0.26,"Labowr
o0m",nominating any more Labour life Peers
PaddleOCR,handwritten,handwritten_003.png,0.7273,1.0,27.27,0.324,"domorrero
M
toot
La
Micuael",M Ps tomorrow. Mr. Michael Foot has
PaddleOCR,handwritten,handwritten_004.png,0.8378,1.0,16.22,0.265,"HP
dmorox3","Griffiths, M P for Manchester Exchange ."
PaddleOCR,handwritten,handwritten_005.png,0.75,1.0,25.0,0.214,"le
af
weetua
Labcres
wade",is to be made at a meeting of Labour
PaddleOCR,receipts,receipt_000.png,0.0062,0.0119,99.38,2.219,"Invoice no: 79587541
Date of issue:
08/02/2014
Seller:
Client:
Baker-Wagner
Horton, Gillespie and Moore.
909 Duarte Drive Apt. 874
711 Richard Cove Suite 885
Joelfort, NH 24372
East Mindy, WY 58533
Ta","Invoice no: 79587541 Date of issue: 08/02/2014 Seller: Client: Baker-Wagner Horton, Gillespie and Moore. 909 Duarte Drive Apt. 874 711 Richard Cove Suite 885. Joelfort, NH 24372 East Mindy, WY 58533 T"
PaddleOCR,receipts,receipt_001.png,0.0031,0.0351,99.69,2.192,"Invoice no: 27216737
Date of issue:
05/23/2018
Client:
Seller:
Nicholson, Hamilton and Holder
Campbell and Sons
425 Alyssa Mills Suite 578
853 Kristen Light Suite 482
Tracyshire, WI 66027
Port Samanth","Invoice no: 27216737 Date of issue: 05/23/2018 Client: Seller: Nicholson, Hamilton and Holder Campbell and Sons 425 Alyssa Mills Suite 578 853 Kristen Light Suite 482 Tracyshire, WI 66027 Port Samanth"
PaddleOCR,receipts,receipt_002.png,0.0102,0.034,98.98,3.596,"Invoice no: 58097062
Date of issue:
04/05/2013
Seller:
Client:
Wright-Alvarez
Harper-Flynn
8309 Bernard Village Apt. 284
753 Acevedo Crossroad Suite 727
Robinsonshire, VT 35375
West Marcus, NY 87119
T","Invoice no: 58097062 Date of issue: 04/05/2013 Seller: Client: Wright-Alvarez Harper-Flynn 8309 Bernard Village Apt. 284 753 Acevedo Crossroad Suite 727 Robinsonshire, VT 35375 West Marcus, NY 87119 T"
PaddleOCR,receipts,receipt_003.png,0.0306,0.0683,96.94,3.385,"Invoice no: 28590433
Date of issue:
09/27/2016
Seller:
Client:
White Group
Hoffman Inc
14292 Leslie Ford
1478 Carr Lane
Evansview, OK 43757
Port George, ND 31020
Tax Id: 903-72-1646
Tax Id: 946-97-036","Invoice no: 28590433 Date of issue: 09/27/2016 Client: Seller: White Group Hoffman Inc 14292 Leslie Ford 1478 Carr Lane Evansview, OK 43757 Port George, ND 31020 Tax Id: 903-72-1646 Tax Id: 946-97-036"
PaddleOCR,receipts,receipt_004.png,0.0702,0.1215,92.98,3.308,"Invoice no: 45802970
Date of issue:
03/30/2021
Seller:
Client:
Walter-Robbins
Lopez, Pearson and Garcia
454 Ward Heights
4300 Vincent Fort Apt. 067
Port Joshuafort, OK 49084
Silvaland, MN 16233
Tax Id","Invoice no: 45802970 Date of issue:. 03/30/2021 Seller: Client: Walter-Robbins Lopez, Pearson and Garcia 454 Ward Heights 4300 Vincent Fort Apt. 067 Port Joshuafort, OK 49084 Silvaland, MN 16233 Tax I"
PaddleOCR,receipts,receipt_005.png,1.0,1.0,0.0,0.195,,"Invoice no: 54533510. Date of issue: 02/10/2021 Client: Seller: Tucker Inc Skinner Group 160 Kaitlin Flat 281 Cameron Alley Griffithhaven, DC 90675 East Marktown, CT 76958 Tax Id: 925-76-7636 Tax Id: "
PaddleOCR,scene_text,scene_000.png,0.0,0.0,100.0,0.296,Lakes,LAKES
PaddleOCR,scene_text,scene_001.png,0.0,0.0,100.0,0.159,SUNIL,SUNIL
PaddleOCR,scene_text,scene_002.png,0.0,0.0,100.0,0.052,200,200
PaddleOCR,scene_text,scene_003.png,1.0,1.0,0.0,0.225,hom3,ENJOY
PaddleOCR,scene_text,scene_004.png,0.0,0.0,100.0,0.241,HOUSE,HOUSE
PaddleOCR,scene_text,scene_005.png,0.0,0.0,100.0,0.051,Now,NOW
PaddleOCR,dense_text,dense_000.png,1.0,1.0,0.0,0.54,,TO: DATE: 3 Fax: NOTE: 82092117 614 -466 -5087 Dec 10 '98 17 :46 P. 01 ATT. GEN. ADMIN. OFFICE Attorney General Betty D. Montgomery CONFIDENTIAL FACSIMILE TRANSMISSION COVER SHEET (614) 466- 5087 FAX 
PaddleOCR,dense_text,dense_001.png,1.0,1.0,0.0,0.141,,TO: FROM: x SUBJECT: DIVISION: DIVISION: DIVISION: DIVISION: REGION: DIVISION: DIVISION: DIVISION: 225 27 15 31 18 19 20 82200067 09/ 17/ 97 10: 55 603 841 1898 LORILLARD PTLD ☑ 001 K. A. Sparrow T. D
PaddleOCR,dense_text,dense_002.png,1.0,1.0,0.0,0.105,,TO: FROM: DATE: MANUFACTURER: BRAND: Oct. Dec. Jan. Nov. X B&W 82250337 COMPETITIVE PRODUCT INTRODUCTION PROGRESS REPORT Sam Zolot Kool Waterfall All Packings TYPE OF PACKINGS: D. J. Landro 2- Dec- 97
PaddleOCR,dense_text,dense_003.png,1.0,1.0,0.0,0.097,,17 cc: : From: Area: Region: 5 X Chains: Independents: 82251504 11/05/97 11: 03 813 384 0683 LORILLARD TAMPA GREENSBOR 0002/ 003 Retail Excel Progress Report Submission for: Distribution by/ to: DM to
PaddleOCR,dense_text,dense_004.png,1.0,1.0,0.0,0.096,,AUG 4 SEP 15 JUN 23 MAY 12 REGION: DIVISION: 7 7 TO: FROM: SUBJECT: OLOGOLD.XLS 82252956 GEOGRAPHY DISTRIBUTION 144/14 93 K. A. Sparrow SUBMISSION DATE D. J. Landro OLD GOLD MENTHOL LIGHTS & ULTRA LIG
PaddleOCR,dense_text,dense_005.png,1.0,1.0,0.0,0.092,,82253058 LORILLARD TO: FROM: DATE: AUG SEPT OCT NOV MANUFACTURER BRAND: X 12/ 10/ 36 09: 51 317 8450977 001/ 002 COMPETITIVE PRODUCT INTRODUCTION PROGRESS REPORT MRS. K. A. SPARROW R. J. Reynolds Came
PaddleOCR,degraded,degraded_000.png,1.0,1.0,0.0,0.107,,"R&D : Suggestion: Date: Licensee Yes No 597005708 R&D QUALITY IMPROVEMENT SUGGESTION/ SOLUTION FORM Name / Phone Ext. : M. Hamann P. Harper, P. Martinez 9/ 3/ 92 R&D Group: J. S. Wigand Supervisor / M"
PaddleOCR,degraded,degraded_001.png,1.0,1.0,0.0,0.097,,Brand: Style: PHOENIX Company: Country: Macket: CYPRUS NICOSIA Weights Adhesive: Supplier(s) Color Porosity substance Ecusta E.30639 None (coresta) Type Overall skip Dimension Positioning Swift Other 
PaddleOCR,degraded,degraded_002.png,1.0,1.0,0.0,0.106,,"DATE: INITIATED BY: COMPLETION COUNTRY: PRODUCT: BELGIUM BY: DATE: NOTES: 620429480 RECEIVED SERVICE REQUEST FROM R & D BY INTERNATIONAL LICENSEE OPERATIONS REQUEST NO.: 25- 84 March 27, 1984 P. H. HA"
PaddleOCR,degraded,degraded_003.png,0.8184,0.9823,18.16,2.11,"AGE
Lghtss
40100Mentholghts/105Menthoutra
NonMert
hs/92Nenthtras
JALD.DATE
September131982
RA9
pingmaskee
mntoil.R&pis.abet
100
TTRISUTE
354
STRENGTH
4.3143940944511435*474427445
7=stronge
SMCOTINESS
",SUBJECT: SAMPLE: CIGARETTES: TAR 9.1 NIC .88 MOIST 14.0 MENT .841 PREFERENCE: Bright 39 34 43 35 42 8 9 11 6 8 200 100 100 100 100 ATTRIBUTES: 53+++ 60+++ 46 56+++ 50 (n=) Total Male Female 35+ KL Bri
PaddleOCR,degraded,degraded_004.png,1.0,1.0,0.0,0.109,,B&W WCC 621800455 Reconstituted Tobacco Leaf Substitutions Export Formulas Revision Date: Allowable Grade Substitutions for Export CPCL Standard Grade Mark Allowable Substitutions PCFS Flue cured fine
PaddleOCR,degraded,degraded_005.png,1.0,1.0,0.0,0.104,,"DATE: DEPARTMENT: Type EQPR B&W QUALITY Implement: Date 632120763 QUALITY IMPROVEMENT SUGGESTION OUR MISSION IS SUPERIOR CONSUMER SATISFACTION Highest Quality. Teamwork, Do Right Things Right The Firs"
TrOCR (printed),printed,printed_000.png,0.9978,1.0,0.22,0.464,.00,"R&D : Suggestion: Date: Licensee Yes No 597005708 R&D QUALITY IMPROVEMENT SUGGESTION/ SOLUTION FORM Name / Phone Ext. : M. Hamann P. Harper, P. Martinez 9/ 3/ 92 R&D Group: J. S. Wigand Supervisor / M"
TrOCR (printed),printed,printed_001.png,1.0,1.0,0.0,0.185,***,Brand: Style: PHOENIX Company: Country: Macket: CYPRUS NICOSIA Weights Adhesive: Supplier(s) Color Porosity substance Ecusta E.30639 None (coresta) Type Overall skip Dimension Positioning Swift Other 
TrOCR (printed),printed,printed_002.png,0.9922,1.0,0.78,0.223,TABLE:,"DATE: INITIATED BY: COMPLETION COUNTRY: PRODUCT: BELGIUM BY: DATE: NOTES: 620429480 RECEIVED SERVICE REQUEST FROM R & D BY INTERNATIONAL LICENSEE OPERATIONS REQUEST NO.: 25- 84 March 27, 1984 P. H. HA"
TrOCR (printed),printed,printed_003.png,1.0,1.0,0.0,0.183,***,SUBJECT: SAMPLE: CIGARETTES: TAR 9.1 NIC .88 MOIST 14.0 MENT .841 PREFERENCE: Bright 39 34 43 35 42 8 9 11 6 8 200 100 100 100 100 ATTRIBUTES: 53+++ 60+++ 46 56+++ 50 (n=) Total Male Female 35+ KL Bri
TrOCR (printed),printed,printed_004.png,0.7736,0.9778,22.64,2.927,"POSTS EXPLOREDERS APCES OR OPPOSRESSO
PROCES BUTEVERS:
INC4 MARIGNINGLINES MC45
INC.S. SERVICE:
WWWWWWWWWWW.
SALE AREAFULLOARDSIDE: RECEIPT OR REFIED
RECEIPT FOR FOLLOW/SEMMER REF OF REF #RED-0",B&W WCC 621800455 Reconstituted Tobacco Leaf Substitutions Export Formulas Revision Date: Allowable Grade Substitutions for Export CPCL Standard Grade Mark Allowable Substitutions PCFS Flue cured fine
TrOCR (printed),printed,printed_005.png,0.9646,0.9891,3.54,0.501,B&W COMPANY SOLD FOR ANSUMER DESFACTRATION,"DATE: DEPARTMENT: Type EQPR B&W QUALITY Implement: Date 632120763 QUALITY IMPROVEMENT SUGGESTION OUR MISSION IS SUPERIOR CONSUMER SATISFACTION Highest Quality. Teamwork, Do Right Things Right The Firs"
TrOCR (printed),handwritten,handwritten_000.png,0.3056,0.4286,69.44,0.518,PUR DOWN A VESOLUHOM ON THE AMOUNT,put down a resolution on the subject
TrOCR (printed),handwritten,handwritten_001.png,0.5152,0.8889,48.48,0.426,OUR NO NO OR BADLED BY MY. WWW,and he is to be backed by Mr. Will
TrOCR (printed),handwritten,handwritten_002.png,0.4054,0.8333,59.46,0.384,NOMLLANING ANY MAKE LABOR UP TODAY,nominating any more Labour life Peers
TrOCR (printed),handwritten,handwritten_003.png,0.303,0.8571,69.7,0.453,"MRS NOMORROW, MVP MICHAEL +004 KAS",M Ps tomorrow. Mr. Michael Foot has
TrOCR (printed),handwritten,handwritten_004.png,0.5676,0.8333,43.24,0.442,"GASHUS, HP FOR MANCARE RETUQUE","Griffiths, M P for Manchester Exchange ."
TrOCR (printed),handwritten,handwritten_005.png,0.3333,0.7778,66.67,0.467,NO NO RE MADE AND WELTHING OF LABORN,is to be made at a meeting of Labour
TrOCR (printed),receipts,receipt_000.png,0.817,0.9286,18.3,2.439,"NO9DULATE DRIVE AT 674 L113ACCHAN DOVE SUITE 885
DEBART NO.24372
TAX TAX: 971-9928
SANL 630400 P.S.3028/20573
:
SUMMARY :
1","Invoice no: 79587541 Date of issue: 08/02/2014 Seller: Client: Baker-Wagner Horton, Gillespie and Moore. 909 Duarte Drive Apt. 874 711 Richard Cove Suite 885. Joelfort, NH 24372 East Mindy, WY 58533 T"
TrOCR (printed),receipts,receipt_001.png,0.862,0.9474,13.8,3.067,"425 JANESA, NOS SUDCE 578B B63B 833 KOSTED FROM: SUITE 482
TAX TAX: 993-80-857 75757 TAX: 018 1/98-55-9-99-00010
BAN: SB300F2878,60606081
***
SUMMARY :
1","Invoice no: 27216737 Date of issue: 05/23/2018 Client: Seller: Nicholson, Hamilton and Holder Campbell and Sons 425 Alyssa Mills Suite 578 853 Kristen Light Suite 482 Tracyshire, WI 66027 Port Samanth"
TrOCR (printed),receipts,receipt_002.png,0.8921,0.9757,10.79,3.656,"8300B BEFARTS MADE NOT 2844 TSBJACKED CONSSTANDED SIDE T7
RODINGTONSATE V333555 WEST MARROUS WITHOUTS WITH
TAX: 1A1-90-928-4511 1 1
SANDWICH NO.00000035603514958
1
: 5
: ******
1.50
SUMMARY :
1","Invoice no: 58097062 Date of issue: 04/05/2013 Seller: Client: Wright-Alvarez Harper-Flynn 8309 Bernard Village Apt. 284 753 Acevedo Crossroad Suite 727 Robinsonshire, VT 35375 West Marcus, NY 87119 T"
TrOCR (printed),receipts,receipt_003.png,0.9527,0.9805,4.73,2.671,"TAX: 1A1-903-7-2646
BANGG8313-N-D-15008-0564-0568-0584-
:
:
: ****************** *** *** **** **** *** *** *** ***
1
SUMMARY :
1","Invoice no: 28590433 Date of issue: 09/27/2016 Client: Seller: White Group Hoffman Inc 14292 Leslie Ford 1478 Carr Lane Evansview, OK 43757 Port George, ND 31020 Tax Id: 903-72-1646 Tax Id: 946-97-036"
TrOCR (printed),receipts,receipt_004.png,0.9222,0.9834,7.78,3.055,"454 Watch receipts
PARTISLSPURMENT OR 4904445-SINAMAND, MA1633
BALANCE B&W002-P-0541-B-B-B-01-01-
:
: 35
: **** *** ***
1 **********
SUMMARY :
1","Invoice no: 45802970 Date of issue:. 03/30/2021 Seller: Client: Walter-Robbins Lopez, Pearson and Garcia 454 Ward Heights 4300 Vincent Fort Apt. 067 Port Joshuafort, OK 49084 Silvaland, MN 16233 Tax I"
TrOCR (printed),receipts,receipt_005.png,0.8728,0.9615,12.72,7.177,"GHAMBERHAM,DC4060515
SANL GOLDS-99A,903,6090949, JANNNNNNNNNNNNNNNNNNNNNNNNNNNNNNNNNNNNNNNNNNNNNNNNNNNNNNNNNNNNNNNNNNNNNNNNNNNNNNNNNNNNNNNNNNNNNNNNNNNNNNNNNNNNNN.N.N.N.N.N.N.N.N.N.N.N.N.N.N.N.N.N.N.N.","Invoice no: 54533510. Date of issue: 02/10/2021 Client: Seller: Tucker Inc Skinner Group 160 Kaitlin Flat 281 Cameron Alley Griffithhaven, DC 90675 East Marktown, CT 76958 Tax Id: 925-76-7636 Tax Id: "
TrOCR (printed),scene_text,scene_000.png,0.0,0.0,100.0,0.192,LAKES,LAKES
TrOCR (printed),scene_text,scene_001.png,0.0,0.0,100.0,0.181,SUNIL,SUNIL
TrOCR (printed),scene_text,scene_002.png,0.0,0.0,100.0,0.166,200,200
TrOCR (printed),scene_text,scene_003.png,0.2,1.0,80.0,0.207,EWJOY,ENJOY
TrOCR (printed),scene_text,scene_004.png,0.4,1.0,60.0,0.21,ROUS($,HOUSE
TrOCR (printed),scene_text,scene_005.png,0.0,0.0,100.0,0.162,NOW,NOW
TrOCR (printed),dense_text,dense_000.png,0.9992,1.0,0.08,0.17,0,TO: DATE: 3 Fax: NOTE: 82092117 614 -466 -5087 Dec 10 '98 17 :46 P. 01 ATT. GEN. ADMIN. OFFICE Attorney General Betty D. Montgomery CONFIDENTIAL FACSIMILE TRANSMISSION COVER SHEET (614) 466- 5087 FAX 
TrOCR (printed),dense_text,dense_001.png,1.0,1.0,0.0,0.176,***,TO: FROM: x SUBJECT: DIVISION: DIVISION: DIVISION: DIVISION: REGION: DIVISION: DIVISION: DIVISION: 225 27 15 31 18 19 20 82200067 09/ 17/ 97 10: 55 603 841 1898 LORILLARD PTLD ☑ 001 K. A. Sparrow T. D
TrOCR (printed),dense_text,dense_002.png,1.0,1.0,0.0,0.229,- **********,TO: FROM: DATE: MANUFACTURER: BRAND: Oct. Dec. Jan. Nov. X B&W 82250337 COMPETITIVE PRODUCT INTRODUCTION PROGRESS REPORT Sam Zolot Kool Waterfall All Packings TYPE OF PACKINGS: D. J. Landro 2- Dec- 97
TrOCR (printed),dense_text,dense_003.png,1.0,1.0,0.0,0.388,*********************************************************,17 cc: : From: Area: Region: 5 X Chains: Independents: 82251504 11/05/97 11: 03 813 384 0683 LORILLARD TAMPA GREENSBOR 0002/ 003 Retail Excel Progress Report Submission for: Distribution by/ to: DM to
TrOCR (printed),dense_text,dense_004.png,0.9058,0.9722,9.42,0.744,"CHANGE PROPORTED WITH AN OFFERS, NAME OF RECEIPT ON RECEIPT FOR AN",AUG 4 SEP 15 JUN 23 MAY 12 REGION: DIVISION: 7 7 TO: FROM: SUBJECT: OLOGOLD.XLS 82252956 GEOGRAPHY DISTRIBUTION 144/14 93 K. A. Sparrow SUBMISSION DATE D. J. Landro OLD GOLD MENTHOL LIGHTS & ULTRA LIG
TrOCR (printed),dense_text,dense_005.png,0.9921,1.0,0.79,0.235,SITATIONS:,82253058 LORILLARD TO: FROM: DATE: AUG SEPT OCT NOV MANUFACTURER BRAND: X 12/ 10/ 36 09: 51 317 8450977 001/ 002 COMPETITIVE PRODUCT INTRODUCTION PROGRESS REPORT MRS. K. A. SPARROW R. J. Reynolds Came
TrOCR (printed),degraded,degraded_000.png,0.9989,1.0,0.11,0.538,": 0
***
***","R&D : Suggestion: Date: Licensee Yes No 597005708 R&D QUALITY IMPROVEMENT SUGGESTION/ SOLUTION FORM Name / Phone Ext. : M. Hamann P. Harper, P. Martinez 9/ 3/ 92 R&D Group: J. S. Wigand Supervisor / M"
TrOCR (printed),degraded,degraded_001.png,0.9824,1.0,1.76,0.75,"EMPEST
***
PERFORM WITH
POST",Brand: Style: PHOENIX Company: Country: Macket: CYPRUS NICOSIA Weights Adhesive: Supplier(s) Color Porosity substance Ecusta E.30639 None (coresta) Type Overall skip Dimension Positioning Swift Other 
TrOCR (printed),degraded,degraded_002.png,1.0,1.0,0.0,0.188,:,"DATE: INITIATED BY: COMPLETION COUNTRY: PRODUCT: BELGIUM BY: DATE: NOTES: 620429480 RECEIVED SERVICE REQUEST FROM R & D BY INTERNATIONAL LICENSEE OPERATIONS REQUEST NO.: 25- 84 March 27, 1984 P. H. HA"
TrOCR (printed),degraded,degraded_003.png,1.0,1.0,0.0,0.169,***,SUBJECT: SAMPLE: CIGARETTES: TAR 9.1 NIC .88 MOIST 14.0 MENT .841 PREFERENCE: Bright 39 34 43 35 42 8 9 11 6 8 200 100 100 100 100 ATTRIBUTES: 53+++ 60+++ 46 56+++ 50 (n=) Total Male Female 35+ KL Bri
TrOCR (printed),degraded,degraded_004.png,0.8,0.9889,20.0,2.684,"POSTS FROMLINES ARE:S #PCS$0.80
PERS SUBWAYS: PPUSAS
THE REGISTERS INCLUS
***
INCL. MARMANS
FREE RECEIPT FOR AN RECEIPT FOR AN OFFER
DEEP FORBOARDSANDSAND REFUP A FREE-0",B&W WCC 621800455 Reconstituted Tobacco Leaf Substitutions Export Formulas Revision Date: Allowable Grade Substitutions for Export CPCL Standard Grade Mark Allowable Substitutions PCFS Flue cured fine
TrOCR (printed),degraded,degraded_005.png,0.9724,1.0,2.76,5.442,: 1MMMMMMMMMMMMMMMMMMMMMMMMMMMMMMMMMMMMMMMMMMMMMMMMMMMMMMMMMMMMMMMMMMMMMMMMMMMMMMMMMMMMMMMMMMMMMMMMMMMMMMMMMMMMMMMMMMMMMMMMMMMMMMMMMMMMMMMMMMMMMMMMMMMMMMMMMMMMMMMMMMMMMMMMMMMMMMMMMMMMMMMMMMMMMMMMMMMMM,"DATE: DEPARTMENT: Type EQPR B&W QUALITY Implement: Date 632120763 QUALITY IMPROVEMENT SUGGESTION OUR MISSION IS SUPERIOR CONSUMER SATISFACTION Highest Quality. Teamwork, Do Right Things Right The Firs"
TrOCR (handwritten),printed,printed_000.png,0.8746,1.0,12.54,5.699,100 000 000 000 000 000 000 000 000 000 000 000 000 000 000 000 000 000 000 000 000 000 000 000 000 000 000 000 000 000 000 000 000 000 000 000 000 000 000 000 000 000 000 000 000 000 000 000 000 000 ,"R&D : Suggestion: Date: Licensee Yes No 597005708 R&D QUALITY IMPROVEMENT SUGGESTION/ SOLUTION FORM Name / Phone Ext. : M. Hamann P. Harper, P. Martinez 9/ 3/ 92 R&D Group: J. S. Wigand Supervisor / M"
TrOCR (handwritten),printed,printed_001.png,0.9934,1.0,0.66,0.197,After the,Brand: Style: PHOENIX Company: Country: Macket: CYPRUS NICOSIA Weights Adhesive: Supplier(s) Color Porosity substance Ecusta E.30639 None (coresta) Type Overall skip Dimension Positioning Swift Other 
TrOCR (handwritten),printed,printed_002.png,0.9829,0.9921,1.71,0.221,a few weeks,"DATE: INITIATED BY: COMPLETION COUNTRY: PRODUCT: BELGIUM BY: DATE: NOTES: 620429480 RECEIVED SERVICE REQUEST FROM R & D BY INTERNATIONAL LICENSEE OPERATIONS REQUEST NO.: 25- 84 March 27, 1984 P. H. HA"
TrOCR (handwritten),printed,printed_003.png,0.9923,0.9965,0.77,0.307,a b c d e f.,SUBJECT: SAMPLE: CIGARETTES: TAR 9.1 NIC .88 MOIST 14.0 MENT .841 PREFERENCE: Bright 39 34 43 35 42 8 9 11 6 8 200 100 100 100 100 ATTRIBUTES: 53+++ 60+++ 46 56+++ 50 (n=) Total Male Female 35+ KL Bri
TrOCR (handwritten),printed,printed_004.png,0.7868,1.0,21.32,6.842,"# papersorp-fo-T-
# PRESS OPPOSE
Mathematics Act
# 100
# 0 0 0 0 0 0 0 0 0 0 0 0 0 0 0 0 0 0 0 0 0 0 0 0 0 0 0 0 0 0 0 0 0 0 0 0 0 0 0 0 0 0 0 0 0 0 0 0 0 0 0 0 0 0 0 0 0 0 0 0 0 0 0 0 0 0 0 0 0 0 0 0",B&W WCC 621800455 Reconstituted Tobacco Leaf Substitutions Export Formulas Revision Date: Allowable Grade Substitutions for Export CPCL Standard Grade Mark Allowable Substitutions PCFS Flue cured fine
TrOCR (handwritten),printed,printed_005.png,1.0,1.0,0.0,0.186,# #,"DATE: DEPARTMENT: Type EQPR B&W QUALITY Implement: Date 632120763 QUALITY IMPROVEMENT SUGGESTION OUR MISSION IS SUPERIOR CONSUMER SATISFACTION Highest Quality. Teamwork, Do Right Things Right The Firs"
TrOCR (handwritten),handwritten,handwritten_000.png,0.0278,0.1429,97.22,0.326,put down a resolution on the subjects,put down a resolution on the subject
TrOCR (handwritten),handwritten,handwritten_001.png,0.0,0.0,100.0,0.374,and he is to be backed by Mr. Will,and he is to be backed by Mr. Will
TrOCR (handwritten),handwritten,handwritten_002.png,0.6486,1.0,35.14,0.484,MONUMARING AND MODER LONDON METROVIDING,nominating any more Labour life Peers
TrOCR (handwritten),handwritten,handwritten_003.png,0.1212,0.5714,87.88,0.36,MPs tomorrow . Mr. Michael took his,M Ps tomorrow. Mr. Michael Foot has
TrOCR (handwritten),handwritten,handwritten_004.png,0.0,0.0,100.0,0.304,"Griffiths , M P for Manchester Exchange","Griffiths, M P for Manchester Exchange ."
TrOCR (handwritten),handwritten,handwritten_005.png,0.1389,0.2222,86.11,0.375,to to tell made at a meeting of Labour,is to be made at a meeting of Labour
TrOCR (handwritten),receipts,receipt_000.png,0.7443,0.9286,25.57,2.9,"1909 Duarte Drive . But # 11.1Richard Cove Suite88
loafert . NH2432 0 0 feetMinci ( ( 5833 )
Tard'""FIELD , a valid 95-32789 000 000
BALGEUKKURIPLE232222323
# # 099 00 999 999 109 10989
4 Summary 1 000","Invoice no: 79587541 Date of issue: 08/02/2014 Seller: Client: Baker-Wagner Horton, Gillespie and Moore. 909 Duarte Drive Apt. 874 711 Richard Cove Suite 885. Joelfort, NH 24372 East Mindy, WY 58533 T"
TrOCR (handwritten),receipts,receipt_001.png,0.796,0.9912,20.4,2.91,"425Avssa Mills-Bute58 000353Krissten Lichte482 000
TAId'D.D.303157 000 Tard. 98-9901 000 000
BAIGEEDZ-TER-WEICLEAL OF
# 100 000 000 rpm 104 8126
4 Summary 1 000 000 000
a few years of interest in 1837","Invoice no: 27216737 Date of issue: 05/23/2018 Client: Seller: Nicholson, Hamilton and Holder Campbell and Sons 425 Alyssa Mills Suite 578 853 Kristen Light Suite 482 Tracyshire, WI 66027 Port Samanth"
TrOCR (handwritten),receipts,receipt_002.png,0.8097,0.9515,19.03,4.32,"8309 Bernard Killane , 284 . .__ T533Acevebo0000000 Suite72
Robinsonshire VT333 . Wesmacks , NY19 00
TAXW.D2BA511 0 0 0 0 0 0- 789- 0 0
BALGEPODUC33626242593 000
# 100 feet 30003000 104 35000
3 000 fe","Invoice no: 58097062 Date of issue: 04/05/2013 Seller: Client: Wright-Alvarez Harper-Flynn 8309 Bernard Village Apt. 284 753 Acevedo Crossroad Suite 727 Robinsonshire, VT 35375 West Marcus, NY 87119 T"
TrOCR (handwritten),receipts,receipt_003.png,0.8406,0.9805,15.94,3.486,"Taxid : 937.7.645 0 0 0 0 0667-034 0
BANGERYNX227575333204 000 000 000
# 30 000 1976 128 108 321
# 100 cents sets 104 233
# 00 000 000 000 000 000 000 000 000 000 000 000 000 000 000 000 000 000 000 0","Invoice no: 28590433 Date of issue: 09/27/2016 Client: Seller: White Group Hoffman Inc 14292 Leslie Ford 1478 Carr Lane Evansview, OK 43757 Port George, ND 31020 Tax Id: 903-72-1646 Tax Id: 946-97-036"
TrOCR (handwritten),receipts,receipt_004.png,0.7922,0.9337,20.78,3.555,"454ward Heights 0 4300 Vincent Fort. 067 000
Portloshkafort ( (1984 ) Finland MN623 0
BALGEHAMPE-LE-REGAZ2LYGE OF
# 400 cm 000 sqgs 104 yards
3 # 500 each 1800 season 104 102,000,000
7 April 400 mph 5","Invoice no: 45802970 Date of issue:. 03/30/2021 Seller: Client: Walter-Robbins Lopez, Pearson and Garcia 454 Ward Heights 4300 Vincent Fort Apt. 067 Port Joshuafort, OK 49084 Silvaland, MN 16233 Tax I"
TrOCR (handwritten),receipts,receipt_005.png,0.7562,0.9038,24.38,2.828,"Griffithhaven , DC9675 . East Manitoba , CT7693
BANGERY-P-""92,"" 92-92222922 2 0 000 000 000 000 000
1 Jacksonville 500 each 317 2.85 104 244
3 MasterCard God , 100 each 700 700 100 000
4 Summary 1 000","Invoice no: 54533510. Date of issue: 02/10/2021 Client: Seller: Tucker Inc Skinner Group 160 Kaitlin Flat 281 Cameron Alley Griffithhaven, DC 90675 East Marktown, CT 76958 Tax Id: 925-76-7636 Tax Id: "
TrOCR (handwritten),scene_text,scene_000.png,0.0,0.0,100.0,0.165,lakes,LAKES
TrOCR (handwritten),scene_text,scene_001.png,1.0,1.0,0.0,0.191,sixsize,SUNIL
TrOCR (handwritten),scene_text,scene_002.png,0.3333,1.0,66.67,0.165,100,200
TrOCR (handwritten),scene_text,scene_003.png,1.0,1.0,0.0,0.174,semipay,ENJOY
TrOCR (handwritten),scene_text,scene_004.png,0.8,1.0,20.0,0.177,fog .,HOUSE
TrOCR (handwritten),scene_text,scene_005.png,1.0,1.0,0.0,0.17,resource,NOW
TrOCR (handwritten),dense_text,dense_000.png,1.0,1.0,0.0,0.181,# #,TO: DATE: 3 Fax: NOTE: 82092117 614 -466 -5087 Dec 10 '98 17 :46 P. 01 ATT. GEN. ADMIN. OFFICE Attorney General Betty D. Montgomery CONFIDENTIAL FACSIMILE TRANSMISSION COVER SHEET (614) 466- 5087 FAX 
TrOCR (handwritten),dense_text,dense_001.png,0.8305,1.0,16.95,5.391,2 000 000 000 000 000 000 000 000 000 000 000 000 000 000 000 000 000 000 000 000 000 000 000 000 000 000 000 000 000 000 000 000 000 000 000 000 000 000 000 000 000 000 000 000 000 000 000 000 000 00,TO: FROM: x SUBJECT: DIVISION: DIVISION: DIVISION: DIVISION: REGION: DIVISION: DIVISION: DIVISION: 225 27 15 31 18 19 20 82200067 09/ 17/ 97 10: 55 603 841 1898 LORILLARD PTLD ☑ 001 K. A. Sparrow T. D
TrOCR (handwritten),dense_text,dense_002.png,0.895,1.0,10.5,5.387,100 000 000 000 000 000 000 000 000 000 000 000 000 000 000 000 000 000 000 000 000 000 000 000 000 000 000 000 000 000 000 000 000 000 000 000 000 000 000 000 000 000 000 000 000 000 000 000 000 000 ,TO: FROM: DATE: MANUFACTURER: BRAND: Oct. Dec. Jan. Nov. X B&W 82250337 COMPETITIVE PRODUCT INTRODUCTION PROGRESS REPORT Sam Zolot Kool Waterfall All Packings TYPE OF PACKINGS: D. J. Landro 2- Dec- 97
TrOCR (handwritten),dense_text,dense_003.png,0.9897,0.9955,1.03,0.212,References of,17 cc: : From: Area: Region: 5 X Chains: Independents: 82251504 11/05/97 11: 03 813 384 0683 LORILLARD TAMPA GREENSBOR 0002/ 003 Retail Excel Progress Report Submission for: Distribution by/ to: DM to
TrOCR (handwritten),dense_text,dense_004.png,0.9265,1.0,7.35,0.365,Transportation ( Walter Styles management ( Robert Evans ),AUG 4 SEP 15 JUN 23 MAY 12 REGION: DIVISION: 7 7 TO: FROM: SUBJECT: OLOGOLD.XLS 82252956 GEOGRAPHY DISTRIBUTION 144/14 93 K. A. Sparrow SUBMISSION DATE D. J. Landro OLD GOLD MENTHOL LIGHTS & ULTRA LIG
TrOCR (handwritten),dense_text,dense_005.png,1.0,1.0,0.0,0.192,# #,82253058 LORILLARD TO: FROM: DATE: AUG SEPT OCT NOV MANUFACTURER BRAND: X 12/ 10/ 36 09: 51 317 8450977 001/ 002 COMPETITIVE PRODUCT INTRODUCTION PROGRESS REPORT MRS. K. A. SPARROW R. J. Reynolds Came
TrOCR (handwritten),degraded,degraded_000.png,0.9791,1.0,2.09,0.695,"a b c d e f
' '
a b c d","R&D : Suggestion: Date: Licensee Yes No 597005708 R&D QUALITY IMPROVEMENT SUGGESTION/ SOLUTION FORM Name / Phone Ext. : M. Hamann P. Harper, P. Martinez 9/ 3/ 92 R&D Group: J. S. Wigand Supervisor / M"
TrOCR (handwritten),degraded,degraded_001.png,0.9435,0.9956,5.65,1.242,"a small economy
a b c d e f g h i
displaystyle
a b c d e f g h. What you want to know",Brand: Style: PHOENIX Company: Country: Macket: CYPRUS NICOSIA Weights Adhesive: Supplier(s) Color Porosity substance Ecusta E.30639 None (coresta) Type Overall skip Dimension Positioning Swift Other 
TrOCR (handwritten),degraded,degraded_002.png,0.9829,0.9683,1.71,0.271,a b c d e f,"DATE: INITIATED BY: COMPLETION COUNTRY: PRODUCT: BELGIUM BY: DATE: NOTES: 620429480 RECEIVED SERVICE REQUEST FROM R & D BY INTERNATIONAL LICENSEE OPERATIONS REQUEST NO.: 25- 84 March 27, 1984 P. H. HA"
TrOCR (handwritten),degraded,degraded_003.png,0.9768,0.9894,2.32,0.376,is a small man and a man who is a,SUBJECT: SAMPLE: CIGARETTES: TAR 9.1 NIC .88 MOIST 14.0 MENT .841 PREFERENCE: Bright 39 34 43 35 42 8 9 11 6 8 200 100 100 100 100 ATTRIBUTES: 53+++ 60+++ 46 56+++ 50 (n=) Total Male Female 35+ KL Bri
TrOCR (handwritten),degraded,degraded_004.png,0.9385,1.0,6.15,1.361,"# Prospect
# races across a few
# #
# 00
# 00
# # 00
# #",B&W WCC 621800455 Reconstituted Tobacco Leaf Substitutions Export Formulas Revision Date: Allowable Grade Substitutions for Export CPCL Standard Grade Mark Allowable Substitutions PCFS Flue cured fine
TrOCR (handwritten),degraded,degraded_005.png,0.9974,1.0,0.26,0.207,0 0,"DATE: DEPARTMENT: Type EQPR B&W QUALITY Implement: Date 632120763 QUALITY IMPROVEMENT SUGGESTION OUR MISSION IS SUPERIOR CONSUMER SATISFACTION Highest Quality. Teamwork, Do Right Things Right The Firs"
DocTR,printed,printed_000.png,0.1243,0.1985,87.57,2.72,"R&D
R&D QUALITY IMPROVEHENT
SUIOGESTION/SOLUTION FORM
Name/Phone Ext.: M. Hamann. P. Harper, P. Martinez
Date: 9/3/92
Supervisor/Manager: J. S. Wigand
R&D Group: Licensee
Suggestion: Discontinue coal ","R&D : Suggestion: Date: Licensee Yes No 597005708 R&D QUALITY IMPROVEMENT SUGGESTION/ SOLUTION FORM Name / Phone Ext. : M. Hamann P. Harper, P. Martinez 9/ 3/ 92 R&D Group: J. S. Wigand Supervisor / M"
DocTR,printed,printed_001.png,0.6141,0.8018,38.59,3.954,"Page 1 of 10
RESTRICTED
BROWN & WILLIAMSON INTERNATIONAL TOBACCO
PRODUCT SPECIFICATION
Br and: PHOENIX
Company: B.A.T. CYPRUS
Style: HLB - KS
Country: CYPRUS
Licensee Ref. No.:
Market:
Place of Manufa",Brand: Style: PHOENIX Company: Country: Macket: CYPRUS NICOSIA Weights Adhesive: Supplier(s) Color Porosity substance Ecusta E.30639 None (coresta) Type Overall skip Dimension Positioning Swift Other 
DocTR,printed,printed_002.png,0.3225,0.4603,67.75,2.426,"PHMV
/L
SERVICE REQUEST FROM R&D BY
INTERNATIONAL LICENSEE OPERATIONS
RECEIVEN
REQUEST NO.:
25-84
APR 2 1984
DATE:
March 27, 1984
INITIATED BY:
P. H. HARPER fio
P.H.H.
COMPLETION
TARGET DATE: April 13","DATE: INITIATED BY: COMPLETION COUNTRY: PRODUCT: BELGIUM BY: DATE: NOTES: 620429480 RECEIVED SERVICE REQUEST FROM R & D BY INTERNATIONAL LICENSEE OPERATIONS REQUEST NO.: 25- 84 March 27, 1984 P. H. HA"
DocTR,printed,printed_003.png,0.7692,0.9716,23.08,4.496,"PDC # C273-82-7
TOP-LINES
PROJECT # 1982-102KL
MENTHOL PRODUCT TEST
PAGE # Lof 4
SUBJECT: :
KOOL Lights KS vs. Bright KS Product Monitor
SAMPLE:
408 (100 Menthol Lights/105 Menthol Ultra, 111 Non-Ment",SUBJECT: SAMPLE: CIGARETTES: TAR 9.1 NIC .88 MOIST 14.0 MENT .841 PREFERENCE: Bright 39 34 43 35 42 8 9 11 6 8 200 100 100 100 100 ATTRIBUTES: 53+++ 60+++ 46 56+++ 50 (n=) Total Male Female 35+ KL Bri
DocTR,printed,printed_004.png,0.4198,0.7,58.02,1.928,"Reconstituted Tobacco Leaf Substitutions
B&W
Export Formulas
Revision Date: 05/11/95
Allowable Grade Substitutions
for Export CPCL
Standard Grade Mark
Allowable Substitutions
PCFS Flue cured fines
RPC",B&W WCC 621800455 Reconstituted Tobacco Leaf Substitutions Export Formulas Revision Date: Allowable Grade Substitutions for Export CPCL Standard Grade Mark Allowable Substitutions PCFS Flue cured fine
DocTR,printed,printed_005.png,0.2174,0.3478,78.26,3.271,"QUALITY IMPROVEMENT SUGGESTION
B&W
OUR MISSION IS SUPERIOR CONSUMER SATISFACTION
Highest Quality, Teamwork, Do Right Things Right The First Time
RESEARCH & DEVELOPMENT
Quality Coord Only
DATEI June 21","DATE: DEPARTMENT: Type EQPR B&W QUALITY Implement: Date 632120763 QUALITY IMPROVEMENT SUGGESTION OUR MISSION IS SUPERIOR CONSUMER SATISFACTION Highest Quality. Teamwork, Do Right Things Right The Firs"
DocTR,handwritten,handwritten_000.png,0.6389,1.0,36.11,1.103,"pur
cowu
veso a uhon
CM",put down a resolution on the subject
DocTR,handwritten,handwritten_001.png,0.5152,0.8889,48.48,1.171,"-
AQ
K do &8
bachea
a A
Mr.
win",and he is to be backed by Mr. Will
DocTR,handwritten,handwritten_002.png,0.5135,1.0,48.65,1.042,"AOML S
au
Mow&
Labour
Poors",nominating any more Labour life Peers
DocTR,handwritten,handwritten_003.png,0.4848,0.8571,51.52,1.059,"-
crrow
M
Micha Q
has",M Ps tomorrow. Mr. Michael Foot has
DocTR,handwritten,handwritten_004.png,0.7568,1.0,24.32,1.18,"a - -
forr
Maucuodle
os - L 
(","Griffiths, M P for Manchester Exchange ."
DocTR,handwritten,handwritten_005.png,0.5556,0.7778,44.44,1.069,"C
to
lal
maa
ueohu a
Labous",is to be made at a meeting of Labour
DocTR,receipts,receipt_000.png,0.0353,0.0714,96.47,2.255,"Invoice no: 79587541
Date of issue:
08/02/2014
Seller:
Client:
Baker-Wagner
Horton, Gillespie and Moore
909 Duarte Drive Apt. 874
711 Richard Cove Suite 885
Joelfort, NH 24372
East Mindy, WY 58533
Tax","Invoice no: 79587541 Date of issue: 08/02/2014 Seller: Client: Baker-Wagner Horton, Gillespie and Moore. 909 Duarte Drive Apt. 874 711 Richard Cove Suite 885. Joelfort, NH 24372 East Mindy, WY 58533 T"
DocTR,receipts,receipt_001.png,0.0445,0.0877,95.55,2.657,"Invoice no: 27216737
Date of issue:
05/23/2018
Seller:
Client:
Nicholson, Hamilton and Holder
Campbell and Sons
425 Alyssa Mills Suite 578
853 Kristen Light Suite 482
Tracyshire, WI 66027
Port Samanth","Invoice no: 27216737 Date of issue: 05/23/2018 Client: Seller: Nicholson, Hamilton and Holder Campbell and Sons 425 Alyssa Mills Suite 578 853 Kristen Light Suite 482 Tracyshire, WI 66027 Port Samanth"
DocTR,receipts,receipt_002.png,0.124,0.2233,87.6,3.858,"Invoice no: 58097062
Date of issue:
04/05/2013
Seller:
Client:
Wright-Alvarez
Harper-Flynn
8309 Bernard Village Apt. 284
753 Acevedo Crossroad Suite 727
Robinsonshire, VT 35375
West Marcus, NY 87119
T","Invoice no: 58097062 Date of issue: 04/05/2013 Seller: Client: Wright-Alvarez Harper-Flynn 8309 Bernard Village Apt. 284 753 Acevedo Crossroad Suite 727 Robinsonshire, VT 35375 West Marcus, NY 87119 T"
DocTR,receipts,receipt_003.png,0.1296,0.2244,87.04,3.889,"Invoice no: 28590433
Date of issue:
09/27/2016
Seller:
Client:
White Group
Hoffman Inc
14292 Leslie Ford
1478 Carr Lane
Evansview, OK 43757
Port George, ND 31020
Tax ld: 903-72-1646
Tax Id: 946-97-036","Invoice no: 28590433 Date of issue: 09/27/2016 Client: Seller: White Group Hoffman Inc 14292 Leslie Ford 1478 Carr Lane Evansview, OK 43757 Port George, ND 31020 Tax Id: 903-72-1646 Tax Id: 946-97-036"
DocTR,receipts,receipt_004.png,0.0863,0.1823,91.37,3.613,"Invoice no: 45802970
Date of issue:
03/30/2021
Seller:
Client:
Walter-Robbins
Lopez, Pearson and Garcia
454 Ward Heights
4300 Vincent Fort Apt. 067
Port Joshuafort, OK 49084
Silvaland, MN 16233
Tax ld","Invoice no: 45802970 Date of issue:. 03/30/2021 Seller: Client: Walter-Robbins Lopez, Pearson and Garcia 454 Ward Heights 4300 Vincent Fort Apt. 067 Port Joshuafort, OK 49084 Silvaland, MN 16233 Tax I"
DocTR,receipts,receipt_005.png,0.1095,0.1827,89.05,2.562,"Invoice no: 54533510
Date of issue:
02/10/2021
Seller:
Client:
Tucker Inc
Skinner Group
160 Kaitlin Flat
281 Cameron Alley
Griffithhaven, DC 90675
East Marktown, CT 76958
Tax ld: 925-76-7636
Tax Id: 9","Invoice no: 54533510. Date of issue: 02/10/2021 Client: Seller: Tucker Inc Skinner Group 160 Kaitlin Flat 281 Cameron Alley Griffithhaven, DC 90675 East Marktown, CT 76958 Tax Id: 925-76-7636 Tax Id: "
DocTR,scene_text,scene_000.png,1.0,1.0,0.0,0.937,,LAKES
DocTR,scene_text,scene_001.png,1.0,1.0,0.0,0.904,,SUNIL
DocTR,scene_text,scene_002.png,1.0,1.0,0.0,0.918,,200
DocTR,scene_text,scene_003.png,1.0,1.0,0.0,0.934,,ENJOY
DocTR,scene_text,scene_004.png,1.0,1.0,0.0,0.921,,HOUSE
DocTR,scene_text,scene_005.png,1.0,1.0,0.0,0.924,,NOW
DocTR,dense_text,dense_000.png,0.1332,0.2793,86.68,3.627,"ATT. GEN. ADMIN. OFFICE Fax:614-466-5087
Dec 10 '98 17:46 P.01
Attorney General
Betty D. Montgomery
CONFIDENTIAL FACSIMILE
TRANSMISSION COVER SHEET
FAX NO. (614) 466-5087
TO: George Baroody
FAX NUMBER",TO: DATE: 3 Fax: NOTE: 82092117 614 -466 -5087 Dec 10 '98 17 :46 P. 01 ATT. GEN. ADMIN. OFFICE Attorney General Betty D. Montgomery CONFIDENTIAL FACSIMILE TRANSMISSION COVER SHEET (614) 466- 5087 FAX 
DocTR,dense_text,dense_001.png,0.5319,0.7351,46.81,2.954,"09/17/97 10:55 8503 841 1898
LORILLARD PTLD
0001
TO:
K. A. Sparraw
FROM:
T. D. Blachly
MAY 12[
AUG 41
JUN 23[
SEP 15[ x
SUBJECT:
OLD GOLI D MENTHOL LIGHTS & ULTRA LIGHTS 100'S PROGRESS.REPORT
REGION:
",TO: FROM: x SUBJECT: DIVISION: DIVISION: DIVISION: DIVISION: REGION: DIVISION: DIVISION: DIVISION: 225 27 15 31 18 19 20 82200067 09/ 17/ 97 10: 55 603 841 1898 LORILLARD PTLD ☑ 001 K. A. Sparrow T. D
DocTR,dense_text,dense_002.png,0.1342,0.2877,86.58,3.661,"COMPETITIVE PRODUCT INTRODUCTION
PROGRESS REPORT
TO: Sam Zolot
MANUFACTURER:
B&W
FROM: D.J. Landro
BRAND:
Kool Waterfall
DATE: 2-Dec-97
TYPE OF PACKINGS: All Packings
REPORTING PERIODS:
Oct.
Nov. X
De",TO: FROM: DATE: MANUFACTURER: BRAND: Oct. Dec. Jan. Nov. X B&W 82250337 COMPETITIVE PRODUCT INTRODUCTION PROGRESS REPORT Sam Zolot Kool Waterfall All Packings TYPE OF PACKINGS: D. J. Landro 2- Dec- 97
DocTR,dense_text,dense_003.png,0.1711,0.3864,82.89,3.677,"11/05/97 11:03 8813 884 0663
LORILLARD TAXPA + GREENSBOR
Q002/003
-
Retail Excel Progress Report
Submission for:
Distribution bylto:
July 31
()
DM to RSM 1st of Month
August 29 ()
To:
R.W. Caldarella
",17 cc: : From: Area: Region: 5 X Chains: Independents: 82251504 11/05/97 11: 03 813 384 0683 LORILLARD TAMPA GREENSBOR 0002/ 003 Retail Excel Progress Report Submission for: Distribution by/ to: DM to
DocTR,dense_text,dense_004.png,0.4281,0.5833,57.19,2.462,"-
TO:
K. A. Sparrow
SUBMISSIONI DATE
FROM:
D. J. Landro
MAY 12L
AUG 41
JUN 23X
SEP 15
SUBJECT:
OLD GOLD MENTHOL LIGHTS & ULTRA LIGHTS 100'S - PROGRESS REPORT
GEOGRAPHY
REGION:
(ONLY IF PARTIAL REGION ",AUG 4 SEP 15 JUN 23 MAY 12 REGION: DIVISION: 7 7 TO: FROM: SUBJECT: OLOGOLD.XLS 82252956 GEOGRAPHY DISTRIBUTION 144/14 93 K. A. Sparrow SUBMISSION DATE D. J. Landro OLD GOLD MENTHOL LIGHTS & ULTRA LIG
DocTR,dense_text,dense_005.png,0.2207,0.3571,77.93,3.385,"12/10/36 09:51 8317 8450971
LORILLARD
2002/002
-
COMPETITIVE PRODUCT INTRODUCTION
PROGRESS REPORT
TO: MRS. K. A. SPARROW
MANUFACTURER: R. J. Reynolds
FROM: R.G. Ryan
BRAND: Camel Menthol
DATE: 12/10/9",82253058 LORILLARD TO: FROM: DATE: AUG SEPT OCT NOV MANUFACTURER BRAND: X 12/ 10/ 36 09: 51 317 8450977 001/ 002 COMPETITIVE PRODUCT INTRODUCTION PROGRESS REPORT MRS. K. A. SPARROW R. J. Reynolds Came
DocTR,degraded,degraded_000.png,0.1276,0.2132,87.24,2.596,"R&D
R&D QUALITY IMPROVEMENT
SUIOGESTION/SOLUTION FORM
Name/Phone Ext.: M. Hamann. P. Harper, P. Martinez
Date: 9/3/92
Supervisor/Managor: J.S. Wigand
R6D Group: Licensee
Suggestion: Discontinue coal r","R&D : Suggestion: Date: Licensee Yes No 597005708 R&D QUALITY IMPROVEMENT SUGGESTION/ SOLUTION FORM Name / Phone Ext. : M. Hamann P. Harper, P. Martinez 9/ 3/ 92 R&D Group: J. S. Wigand Supervisor / M"
DocTR,degraded,degraded_001.png,0.9831,0.9956,1.69,3.038,"- a
ARALM
- L
-
-
-
-
- - -
- -
:
a
-
- - -
-
- -
- - -
- -
-
- - -
- - - -
- - -
-
- - -
 - - -
- - - - -
-
- - - - -
- - - - - a -
- -
- - : -
-
- - - -
-
- -
-
- - - - -
-
- - -
- - -
- - - - -
-
-",Brand: Style: PHOENIX Company: Country: Macket: CYPRUS NICOSIA Weights Adhesive: Supplier(s) Color Porosity substance Ecusta E.30639 None (coresta) Type Overall skip Dimension Positioning Swift Other 
DocTR,degraded,degraded_002.png,0.3132,0.4524,68.68,2.467,"PHMI
/L
SERVICE REQUEST FROM R&D BY
INTERNATIONAL LICENSEE OPERATIONS
RECEIVEN
REQUEST NO.:
25-84
APR 2 1984
DATE:
March 27, 1984
INITIATED BY:
P. H. HARPER
P.H.H.
COMPLETION
TARGET DATE: April 13, 19","DATE: INITIATED BY: COMPLETION COUNTRY: PRODUCT: BELGIUM BY: DATE: NOTES: 620429480 RECEIVED SERVICE REQUEST FROM R & D BY INTERNATIONAL LICENSEE OPERATIONS REQUEST NO.: 25- 84 March 27, 1984 P. H. HA"
DocTR,degraded,degraded_003.png,0.7558,0.9433,24.42,2.45,"à
PROJECT #: 1982:102
NF
PRODUCT TES
PAGE
aght Product on B
08 100 Ment ol

11 Non
Menthol UItras).
LD a TE
2 982-
339
kég
5
A ht KS
:.5
13,5
341
nasked certain proportfon:of the Hentho result 13. pe
",SUBJECT: SAMPLE: CIGARETTES: TAR 9.1 NIC .88 MOIST 14.0 MENT .841 PREFERENCE: Bright 39 34 43 35 42 8 9 11 6 8 200 100 100 100 100 ATTRIBUTES: 53+++ 60+++ 46 56+++ 50 (n=) Total Male Female 35+ KL Bri
DocTR,degraded,degraded_004.png,0.4505,0.8,54.95,1.854,"Reconsutnted Tobacco: Leaf Subsitutions
B&W.
Export Formualas
Rovision Dare: 05/11/95
Allowable Grade Substitutions
for Export CPCL
Standard Grade Mark
Allowable.Substitutions
PCFS Fluearedfines
RPCFS",B&W WCC 621800455 Reconstituted Tobacco Leaf Substitutions Export Formulas Revision Date: Allowable Grade Substitutions for Export CPCL Standard Grade Mark Allowable Substitutions PCFS Flue cured fine
DocTR,degraded,degraded_005.png,0.9827,1.0,1.73,1.432,"QUAUTY
vaM
GESTION
-
- -
- . -
-
-
-
- - - - -
- - - -
-
-
- - -
-
-
- 9 -
-
-","DATE: DEPARTMENT: Type EQPR B&W QUALITY Implement: Date 632120763 QUALITY IMPROVEMENT SUGGESTION OUR MISSION IS SUPERIOR CONSUMER SATISFACTION Highest Quality. Teamwork, Do Right Things Right The Firs"
EasyOCR,printed,printed_000.png,0.3619,0.6838,63.81,6.36,"RED QUALITY  IHFROVEHENT SUGGESTION /SCLUTION FORH
ane Phore Ext .
Hanann_
Harper_
Hartinez
Datc:
9[3492
SupervLsor/Manager =
Nigand
RED Croup;
Licensce
Suggese cion:
C0a retention analyses on licerse","R&D : Suggestion: Date: Licensee Yes No 597005708 R&D QUALITY IMPROVEMENT SUGGESTION/ SOLUTION FORM Name / Phone Ext. : M. Hamann P. Harper, P. Martinez 9/ 3/ 92 R&D Group: J. S. Wigand Supervisor / M"
EasyOCR,printed,printed_001.png,0.5473,0.8943,45.27,9.869,"Page
of 10
ES_TRLELED
BROKY
HLLLA4SOLIEZANOMAL TQMcco
FRODUCT SPECWICAEIO5
BT dnd: 2IQENIX Scyle: HCB Licensee Ref
coripany Bn  CYPRUS country: EXPRQS Harkel: Place Manufacture: NICOSLA
CLGARERTE WXNG",Brand: Style: PHOENIX Company: Country: Macket: CYPRUS NICOSIA Weights Adhesive: Supplier(s) Color Porosity substance Ecusta E.30639 None (coresta) Type Overall skip Dimension Positioning Swift Other 
EasyOCR,printed,printed_002.png,0.4434,0.754,55.66,5.209,"SERVICE_REQUEST EROM_RSD_BX
INTERNATIONAL LICENSEE_OPERATIONS
RECEIVED APR 2 1984 PHH
REQUEST NO,
25-84
DATE:
March
1984 Qux WARPER
INZIATED BXi
COM?LETIOH
TARGET DATE:
April13,_1984
CQLTRY:
EELGIUH
P","DATE: INITIATED BY: COMPLETION COUNTRY: PRODUCT: BELGIUM BY: DATE: NOTES: 620429480 RECEIVED SERVICE REQUEST FROM R & D BY INTERNATIONAL LICENSEE OPERATIONS REQUEST NO.: 25- 84 March 27, 1984 P. H. HA"
EasyOCR,printed,printed_003.png,0.7488,0.9716,25.12,9.182,"PDC PROJECT PAGE
Cz2} B2-Z 1982-102L Lof
IQP-LINEES HEIZHQL PRODLKI_TEST
KOOL Lights
Eright KS Product Muitor
SDBJECI:
408 (10D Nenthol Lights/105 Menthol Ulta 111 Non-venthol
SEYPLE :
Lights/92 ln-en",SUBJECT: SAMPLE: CIGARETTES: TAR 9.1 NIC .88 MOIST 14.0 MENT .841 PREFERENCE: Bright 39 34 43 35 42 8 9 11 6 8 200 100 100 100 100 ATTRIBUTES: 53+++ 60+++ 46 56+++ 50 (n=) Total Male Female 35+ KL Bri
EasyOCR,printed,printed_004.png,0.4791,0.7556,52.09,3.959,"Reconstiluled Tobacco Lcaf Substitutions Export Formulas Rcvision Date: 05/11/95
BGW
Allowable Grade Substitutions for Export CPCL
Standard Grade Mark PCFS Flue cured fines
Allowable Substitutions RPC",B&W WCC 621800455 Reconstituted Tobacco Leaf Substitutions Export Formulas Revision Date: Allowable Grade Substitutions for Export CPCL Standard Grade Mark Allowable Substitutions PCFS Flue cured fine
EasyOCR,printed,printed_005.png,0.4098,0.8207,59.02,8.209,"QUALITY IMPROVEMENT SUGGESTION QUR MISSION IS SUPERIOR CONSUMER SATISFACTION Highest Quality _ Teamwork. Do Right Things Right The Flrst Time RESEARCH & DEVELOPMENT
Baw
Qualfty coord Oply Date Rac  ll","DATE: DEPARTMENT: Type EQPR B&W QUALITY Implement: Date 632120763 QUALITY IMPROVEMENT SUGGESTION OUR MISSION IS SUPERIOR CONSUMER SATISFACTION Highest Quality. Teamwork, Do Right Things Right The Firs"
EasyOCR,handwritten,handwritten_000.png,0.4722,0.8571,52.78,1.206,"Puk dusl 0 vejoluhon
ON
Llr _ >uQeak",put down a resolution on the subject
EasyOCR,handwritten,handwritten_001.png,0.6061,1.0,39.39,1.162,"o40 Lq _ 6 80 Qq _ baolea
64 Ar.
W ;u",and he is to be backed by Mr. Will
EasyOCR,handwritten,handwritten_002.png,0.4324,0.8333,56.76,1.032,uowiuak;w3 a Llone_ Labaur life_ FeQjs,nominating any more Labour life Peers
EasyOCR,handwritten,handwritten_003.png,0.4242,1.0,57.58,0.95,"MP$
doxorrolo
Mv Aicuae (
Fok laA",M Ps tomorrow. Mr. Michael Foot has
EasyOCR,handwritten,handwritten_004.png,0.5676,1.0,43.24,1.138,"G+cF 4
4 P Poc Maucuoales Exeliauqe_","Griffiths, M P for Manchester Exchange ."
EasyOCR,handwritten,handwritten_005.png,0.5556,0.8889,44.44,1.079,"Lo
Qsq_ luade_ at 0 aeehua ak Laluv",is to be made at a meeting of Labour
EasyOCR,receipts,receipt_000.png,0.3659,0.4286,63.41,16.23,"Invoice no: 79587541
Date of issue:
08/02/2014
Seller:
Client:
Baker-Wagner 909 Duarte Drive Apt: 874 Joelfort, NH 24372
Horton, Gillespie and Moore 711 Richard Cove Suite 885 East Mindy, WY 58533
Tax","Invoice no: 79587541 Date of issue: 08/02/2014 Seller: Client: Baker-Wagner Horton, Gillespie and Moore. 909 Duarte Drive Apt. 874 711 Richard Cove Suite 885. Joelfort, NH 24372 East Mindy, WY 58533 T"
EasyOCR,receipts,receipt_001.png,0.3896,0.4474,61.04,16.342,"Invoice no: 27216737
Date of issue:
05/23/2018
Seller:
Client:
Nicholson, Hamilton and Holder 425 Alyssa Mills Suite 578 Tracyshire, WI 66027
Campbell and Sons 853 Kristen Light Suite 482 Port Samanth","Invoice no: 27216737 Date of issue: 05/23/2018 Client: Seller: Nicholson, Hamilton and Holder Campbell and Sons 425 Alyssa Mills Suite 578 853 Kristen Light Suite 482 Tracyshire, WI 66027 Port Samanth"
EasyOCR,receipts,receipt_002.png,0.4367,0.5243,56.33,19.485,"Invoice no: 58097062
Date of issue:
04/05/2013
Seller:
Client:
Wright-Alvarez 8309 Bernard Village Apt: 284 Robinsonshire, VT 35375
Harper-Flynn 753 Acevedo Crossroad Suite 727 West Marcus, NY 87119
T","Invoice no: 58097062 Date of issue: 04/05/2013 Seller: Client: Wright-Alvarez Harper-Flynn 8309 Bernard Village Apt. 284 753 Acevedo Crossroad Suite 727 Robinsonshire, VT 35375 West Marcus, NY 87119 T"
EasyOCR,receipts,receipt_003.png,0.4396,0.561,56.04,19.493,"Invoice no: 28590433
Date of issue:
09/27/2016
Seller:
Client:
White Group 14292 Leslie Ford Evansview, OK 43757
Hoffman Inc 1478 Carr Lane Port George, ND 31020
Tax Id: 903-72-1646 IBAN: GBS3YNMK1247","Invoice no: 28590433 Date of issue: 09/27/2016 Client: Seller: White Group Hoffman Inc 14292 Leslie Ford 1478 Carr Lane Evansview, OK 43757 Port George, ND 31020 Tax Id: 903-72-1646 Tax Id: 946-97-036"
EasyOCR,receipts,receipt_004.png,0.4488,0.547,55.12,19.066,"Invoice no: 45802970
Date of issue:
03/30/2021
Seller:
Client:
Walter-Robbins 454 Ward Heights Port Joshuafort; OK 49084
Lopez, Pearson and Garcia 4300 Vincent Fort Apt: 067 Silvaland, MN 16233
Tax Id","Invoice no: 45802970 Date of issue:. 03/30/2021 Seller: Client: Walter-Robbins Lopez, Pearson and Garcia 454 Ward Heights 4300 Vincent Fort Apt. 067 Port Joshuafort, OK 49084 Silvaland, MN 16233 Tax I"
EasyOCR,receipts,receipt_005.png,0.3481,0.4038,65.19,16.025,"Invoice no: 54533510
Date of issue:
02/10/2021
Seller:
Client:
Tucker Inc 160 Kaitlin Flat Griffithhaven, DC 90675
Skinner Group 281 Cameron Alley East Marktown, CT 76958
Tax Id: 925-76-7636 IBAN: GBI","Invoice no: 54533510. Date of issue: 02/10/2021 Client: Seller: Tucker Inc Skinner Group 160 Kaitlin Flat 281 Cameron Alley Griffithhaven, DC 90675 East Marktown, CT 76958 Tax Id: 925-76-7636 Tax Id: "
EasyOCR,scene_text,scene_000.png,0.0,0.0,100.0,0.071,Lakes,LAKES
EasyOCR,scene_text,scene_001.png,0.0,0.0,100.0,0.069,SUNIL,SUNIL
EasyOCR,scene_text,scene_002.png,0.0,0.0,100.0,0.057,200,200
EasyOCR,scene_text,scene_003.png,0.4,1.0,60.0,0.127,Eujou,ENJOY
EasyOCR,scene_text,scene_004.png,0.0,0.0,100.0,0.111,HOUSE,HOUSE
EasyOCR,scene_text,scene_005.png,0.0,0.0,100.0,0.065,Now,NOW
EasyOCR,dense_text,dense_000.png,0.2641,0.6171,73.59,7.499,"AIT. CEX. FEMIN CFFICE Fax:614-466-5087
Dec 10
17:46
P.Ci
Attorney General Betty D. Montgomery
CONFIDENTIAL FACSIMILE TRANSMISSION COVER SHEET
FAXNO. (614) 466-5087
TO: Geongs Baroody
FAX NUMBER:
(336",TO: DATE: 3 Fax: NOTE: 82092117 614 -466 -5087 Dec 10 '98 17 :46 P. 01 ATT. GEN. ADMIN. OFFICE Attorney General Betty D. Montgomery CONFIDENTIAL FACSIMILE TRANSMISSION COVER SHEET (614) 466- 5087 FAX 
EasyOCR,dense_text,dense_001.png,0.5737,0.7748,42.63,5.655,"08/17/97 10:55
3603 041 1898
LORILLARD FTLD
0001
To:
Spamow
FROM:
Blachly
MAY 12/
AUG
Jun 231
SEP
SUBJECT:
QLD GOLD MENTHOL LGHIS MLIRALGHT5102'5 EbosaESS beeORI
REGION:
(ONLY PARTIAL REGION CONTINUE ",TO: FROM: x SUBJECT: DIVISION: DIVISION: DIVISION: DIVISION: REGION: DIVISION: DIVISION: DIVISION: 225 27 15 31 18 19 20 82200067 09/ 17/ 97 10: 55 603 841 1898 LORILLARD PTLD ☑ 001 K. A. Sparrow T. D
EasyOCR,dense_text,dense_002.png,0.2636,0.6887,73.64,7.062,"COMPETITIVE PRODUCT INTRODUCTION PROGRESS REPQRI
To: Sam Zolot FROM: Lamidio DATE: 2Dez-97
MANUFACTURER: BEW BRAND: Kool Watcrfall TYPE OF PACKINGS AlI Packings
REPORTING PERIODS:
Oct
Nov:
Jan
TEST MA",TO: FROM: DATE: MANUFACTURER: BRAND: Oct. Dec. Jan. Nov. X B&W 82250337 COMPETITIVE PRODUCT INTRODUCTION PROGRESS REPORT Sam Zolot Kool Waterfall All Packings TYPE OF PACKINGS: D. J. Landro 2- Dec- 97
EasyOCR,dense_text,dense_003.png,0.2185,0.6545,78.15,6.043,"11/05/97 11:0J
381J 884 0663
LORILLARD_INYBA
GREENSBOR
3002/003
Retail Excel Progress Report Distribution bylto; DM a RSM Ist af onth To; RW_Caldarella RSM tRWC 10th CC: DOS: From: Kent B_Mills
Submis",17 cc: : From: Area: Region: 5 X Chains: Independents: 82251504 11/05/97 11: 03 813 384 0683 LORILLARD TAMPA GREENSBOR 0002/ 003 Retail Excel Progress Report Submission for: Distribution by/ to: DM to
EasyOCR,dense_text,dense_004.png,0.4105,0.5833,58.95,4.921,"To:
Sparrow
SUBMISEIQN DATE
FROM:
Landro
MAY 12|
AUG
JUN 23
SEP 15
SUBJECT:
OLDGQLDMENTIHOLLIGHTS ULIRALIGHTS 108 PROGRESS REPORI
GEOGRAP
REGION:
(ONLY IF PARTIAL REGION CONTINUE WITH DIVISION(S} SCOP",AUG 4 SEP 15 JUN 23 MAY 12 REGION: DIVISION: 7 7 TO: FROM: SUBJECT: OLOGOLD.XLS 82252956 GEOGRAPHY DISTRIBUTION 144/14 93 K. A. Sparrow SUBMISSION DATE D. J. Landro OLD GOLD MENTHOL LIGHTS & ULTRA LIG
EasyOCR,dense_text,dense_005.png,0.2767,0.6099,72.33,6.642,"12/10/36
00;51
33i7 845097!
LORILARD
0281/282
COMPETITIVE PRODUCT INTRODUCTION PROGRESS REPQRI
To: MRS KA. SPARAOW FAOM: R.G: Ryan DATE: 1210/95
MANUFACTURER: R, Reynolds_ BRAND: Camel Menthol TYPE OF",82253058 LORILLARD TO: FROM: DATE: AUG SEPT OCT NOV MANUFACTURER BRAND: X 12/ 10/ 36 09: 51 317 8450977 001/ 002 COMPETITIVE PRODUCT INTRODUCTION PROGRESS REPORT MRS. K. A. SPARROW R. J. Reynolds Came
EasyOCR,degraded,degraded_000.png,0.3102,0.7279,68.98,5.997,"RED QVALITY IKFROVEHENT SUGCESTION/SCLUTION FoRK
Kane Phone Exc
Harann _
Harper _R Hartinez
Datc
39[l92
SupervLgor/Manager = LA Vigand
RED Grorp; Licensce
DLscontintie coal retencion analyses or Licet","R&D : Suggestion: Date: Licensee Yes No 597005708 R&D QUALITY IMPROVEMENT SUGGESTION/ SOLUTION FORM Name / Phone Ext. : M. Hamann P. Harper, P. Martinez 9/ 3/ 92 R&D Group: J. S. Wigand Supervisor / M"
EasyOCR,degraded,degraded_001.png,0.9985,1.0,0.15,2.253,34,Brand: Style: PHOENIX Company: Country: Macket: CYPRUS NICOSIA Weights Adhesive: Supplier(s) Color Porosity substance Ecusta E.30639 None (coresta) Type Overall skip Dimension Positioning Swift Other 
EasyOCR,degraded,degraded_002.png,0.4651,0.7619,53.49,5.901,"SERVICE_REQUEST FROIRAD_BX
INTERNATIONALLICENSEE_OPERATIONS
RECEIVEn APR 2 1984 PHH
REQUEST NO,
25-84
DATE:
March 27 , 1984 Qux HARPRR
INEIATED BXi
CoUpLeTTOR
TARGET DATE:
Bpril 13,_1984
COUNTRY:
BELG","DATE: INITIATED BY: COMPLETION COUNTRY: PRODUCT: BELGIUM BY: DATE: NOTES: 620429480 RECEIVED SERVICE REQUEST FROM R & D BY INTERNATIONAL LICENSEE OPERATIONS REQUEST NO.: 25- 84 March 27, 1984 P. H. HA"
EasyOCR,degraded,degraded_003.png,0.9184,0.9965,8.16,3.333,"A03 020i.
Xines 
smortbe: FJE 03f
TxBejtei
imore)
13 389'
43
tiex9
Qi5ecti8581 Dfere Cot Hargina ,Ditkezehed :80*942 Cpn- depze 5ign feicent 6ifrerenus Kijbnte",SUBJECT: SAMPLE: CIGARETTES: TAR 9.1 NIC .88 MOIST 14.0 MENT .841 PREFERENCE: Bright 39 34 43 35 42 8 9 11 6 8 200 100 100 100 100 ATTRIBUTES: 53+++ 60+++ 46 56+++ 50 (n=) Total Male Female 35+ KL Bri
EasyOCR,degraded,degraded_004.png,0.5692,0.8222,43.08,4.569,"RccOnsIico Totaxco LEil SubaltuIans Mport Farmulu Itcvuzion DJic; 05f11n95
BAW
Allowablc Grade Substitutions for Export CPCL
Standara Grade Mark PCFS FFlue G rred Tines
Allowable Substitutions RPCI $ ",B&W WCC 621800455 Reconstituted Tobacco Leaf Substitutions Export Formulas Revision Date: Allowable Grade Substitutions for Export CPCL Standard Grade Mark Allowable Substitutions PCFS Flue cured fine
EasyOCR,degraded,degraded_005.png,0.9991,0.9946,0.09,2.352,1,"DATE: DEPARTMENT: Type EQPR B&W QUALITY Implement: Date 632120763 QUALITY IMPROVEMENT SUGGESTION OUR MISSION IS SUPERIOR CONSUMER SATISFACTION Highest Quality. Teamwork, Do Right Things Right The Firs"
